{
  "cli": {
    "version": ">= 5.9.3"
  },
  "build": {
    "apk": {
      "android": {
        "buildType": "apk"
      }
    },
    "development": {
      "distribution": "internal",
      "developmentClient": true,
      "android": {
        "gradleCommand": ":app:assembleDebug"
      },
      "ios": {
        "buildConfiguration": "Debug"
      }
    },
    "preview": {
      "distribution": "internal",
      "ios": {
        "simulator": true
      }
    },
    "production": {}
  },
  "submit": {
    "production": {}
  }
}
